Angle (deg),Average Power (nJ)
0.0,2.419302325581396
50.0,2.2679310344827575
100.0,6.911125827814572
150.0,18.632558139534865
200.0,45.842948717948715
250.0,81.12815533980583
