Angle (deg),Average Power (nJ)
0.0,2.3183495145631072
50.0,2.1840310077519383
100.0,6.87263565891473
150.0,15.640776699029129
200.0,47.18785714285714
250.0,66.3864077669903
