Angle (deg),Average Power (nJ)
0.0,1.7373786407766982
50.0,1.717572815533981
100.0,4.376821705426355
150.0,12.114560439560437
200.0,36.80740740740743
250.0,68.11395348837206
